index,X,Y,Z,t
1,0.0221981443,-0.0110868588,0.854168355,146858237135
2,0.02228014,-0.009914976,0.8472318,146858237135
3,0.02243699,-0.00711823255,0.8307663,146858237135
4,0.0224435646,-0.00325714424,0.8202203,146858237135
5,0.0221520178,0.00569278,0.812699258,146858237135
6,0.0216357335,0.0139027908,0.810912,146858237135
7,0.02127845,0.0187128112,0.8109087,146858237135
8,0.0208209287,0.0254295357,0.806413531,146858237135
9,0.0207150728,0.0272470023,0.8022306,146858237135
10,0.02039302,0.03347886,0.800630152,146858237135
11,0.0201263838,0.0377871133,0.8011335,146858237135
12,0.0168895815,0.115029484,0.8033111,146858237135
13,0.01761827,0.10015519,0.7937702,146858237135
14,0.0180785544,0.0910617858,0.787335,146858237135
15,0.0189515874,0.06702055,0.797199249,146858237135
16,0.01930293,0.05763727,0.7970464,146858237135
17,0.0160919987,0.135934591,0.806091845,146858237135
18,0.0187138654,0.0775369257,0.7839818,146858237135
19,0.0185189471,0.0815255642,0.7834464,146858237135
20,0.019531887,0.0523119271,0.7955606,146858237135
21,0.0189700462,0.07028806,0.79156214,146858237135
22,0.0188246164,0.07413888,0.785604656,146858237135
23,0.0196431037,0.04828815,0.795702159,146858237135
24,0.0189348757,0.06908931,0.7954625,146858237135
25,0.0165840872,0.122569248,0.805714667,146858237135
26,0.017900059,0.0946597457,0.789949656,146858237135
27,0.018299045,0.08650638,0.7847072,146858237135
28,0.0156314634,0.144179821,0.8035553,146858237135
29,0.0145035051,0.168229431,0.804884255,146858237135
30,0.0133093521,0.194025725,0.8158165,146858237135
31,0.01392806,0.181204736,0.808366954,146858237135
32,0.0189297553,0.071709305,0.7883225,146858237135
33,0.0190949813,0.06328879,0.797561646,146858237135
34,0.02101041,0.022274036,0.809422,146858237135
35,0.0223759767,-0.008592937,0.8382594,146858237135
36,0.01714372,0.109496072,0.800214767,146858237135
37,-0.0588143468,0.08380687,0.8856657,146858237135
38,-0.0545219854,0.06303499,0.883089364,146858237135
39,-0.02544044,0.0105275549,0.8618836,146858237135
40,-0.0164025575,0.0039947927,0.852300644,146858237135
41,-0.01780143,0.00431748852,0.860513031,146858237135
42,-0.0269406661,0.0113624074,0.8713794,146858237135
43,-0.00733384676,0.007407669,0.8272092,146858237135
44,-0.0119968317,0.004788544,0.8381705,146858237135
45,-0.03230984,0.0176516026,0.8629961,146858237135
46,-0.00250625424,0.0133375227,0.8204972,146858237135
47,-0.0164159648,0.0185236167,0.829416,146858237135
48,-0.0234602615,0.0164322462,0.8401476,146858237135
49,-0.033955723,0.0189088136,0.8729681,146858237135
50,-0.0107147731,0.02214163,0.823052943,146858237135
51,-0.0310825184,0.0298967212,0.8375479,146858237135
52,-0.0226982646,0.0297197551,0.8273504,146858237135
53,-0.0433627851,0.03433018,0.8635192,146858237135
54,-0.0199409872,0.0597896278,0.812691152,146858237135
55,-0.0130895339,0.0549035966,0.8105094,146858237135
56,-0.0167815313,0.04195383,0.8163792,146858237135
57,-0.0240895376,0.0437581241,0.8212968,146858237135
58,-0.0451603457,0.0357461274,0.8745849,146858237135
59,-0.0004462395,0.0170794334,0.818385959,146858237135
60,-0.0160306841,0.0310533717,0.821760237,146858237135
61,0.000706702471,0.0204389617,0.8159299,146858237135
62,-0.008325577,0.02459991,0.8208177,146858237135
63,0.0028079804,0.0301765166,0.808152258,146858237135
64,-0.00697740167,0.02719043,0.81809026,146858237135
65,-0.0546969771,0.08892161,0.8516736,146858237135
66,-0.05240985,0.0541204065,0.8793683,146858237135
67,-0.00325251557,0.03409997,0.8129301,146858237135
68,-0.0105588026,0.0337245725,0.818691,146858237135
69,-0.01308037,0.0323207229,0.8202678,146858237135
70,-0.0137554631,0.0412796065,0.8151731,146858237135
71,0.004040137,0.0332164057,0.8062271,146858237135
72,-0.00647820346,0.0367444,0.815063834,146858237135
73,-0.0111257136,0.04078092,0.8139365,146858237135
74,-0.0111368746,0.095687896,0.8166292,146858237135
75,-0.010597188,0.0910626054,0.8143097,146858237135
76,0.00503365044,0.0364115946,0.8055005,146858237135
77,-0.00195611082,0.0362049527,0.8116234,146858237135
78,-0.00691940635,0.0404494256,0.8127473,146858237135
79,-0.008716881,0.0505372621,0.808858335,146858237135
80,-0.0108553991,0.05288961,0.8097632,146858237135
81,0.00563746225,0.0385206155,0.806511343,146858237135
82,-0.00103397854,0.0383231565,0.810914,146858237135
83,-0.00516522676,0.03798881,0.814178,146858237135
84,-0.004612256,0.0455950126,0.808108866,146858237135
85,-0.006662758,0.0557336621,0.807107,146858237135
86,-0.00190550275,0.09378767,0.8109709,146858237135
87,-0.0004958324,0.08375496,0.8077696,146858237135
88,-0.0292481519,0.08680759,0.8193114,146858237135
89,-0.0360768959,0.09665416,0.826284349,146858237135
90,-0.000484047458,0.03938099,0.811125,146858237135
91,-0.0042057205,0.0390498042,0.8138703,146858237135
92,-0.005556952,0.0403032564,0.8128364,146858237135
93,-0.004738787,0.0521191247,0.8061061,146858237135
94,-0.00162989274,0.0750779063,0.808493733,146858237135
95,-0.00320933014,0.101364143,0.8157392,146858237135
96,-0.002263466,0.09736636,0.8128542,146858237135
97,-0.0120232981,0.099526,0.81772083,146858237135
98,-0.004036693,0.0395532548,0.8138788,146858237135
99,-0.004678063,0.0401297472,0.813218057,146858237135
100,-0.00287433155,0.04371479,0.8084218,146858237135
101,-0.0286443159,0.09929944,0.822594345,146858237135
102,-0.0317884572,0.101171061,0.82483983,146858237135
103,-0.0518959239,0.117524356,0.846689641,146858237135
104,-0.004174581,0.04004376,0.8136908,146858237135
105,-0.00187213719,0.04236754,0.8090878,146858237135
106,-0.00258887932,0.0484336056,0.8055797,146858237135
107,0.009970243,0.106947951,0.8025525,146858237135
108,0.0101616,0.09745225,0.796417356,146858237135
109,0.005024179,0.09183554,0.801669,146858237135
110,-0.000134374946,0.104560733,0.815433145,146858237135
111,0.0009990036,0.100718066,0.811906457,146858237135
112,-0.008115172,0.101094529,0.8175326,146858237135
113,-0.0126197077,0.104569606,0.817514956,146858237135
114,-0.012669947,0.109193325,0.817489743,146858237135
115,-0.047282964,0.101869754,0.8393578,146858237135
116,-0.04208302,0.105815157,0.835118532,146858237135
117,-0.0008321572,0.041172225,0.8105109,146858237135
118,0.0021039322,0.0478029177,0.802259564,146858237135
119,-0.000224692747,0.07845364,0.802953839,146858237135
120,0.01017572,0.112193033,0.8055732,146858237135
121,0.01283936,0.113920644,0.803935766,146858237135
122,-0.0120587461,0.119100034,0.816760957,146858237135
123,-0.0259770565,0.104880929,0.8208108,146858237135
124,-0.024123691,0.108955935,0.819509,146858237135
125,-0.04269292,0.1160041,0.8337004,146858237135
126,-0.048499696,0.128674254,0.839039862,146858237135
127,-0.05582083,0.09635991,0.854074538,146858237135
128,-0.0595933869,0.0940273553,0.873853147,146858237135
129,-0.06000439,0.123501129,0.8675827,146858237135
130,-0.0564641058,0.103652447,0.8551471,146858237135
131,0.00338280853,0.0458179675,0.8027143,146858237135
132,0.007003218,0.06554322,0.802153945,146858237135
133,-0.00110398233,0.07600433,0.8060932,146858237135
134,4.39211726e-06,0.07764521,0.8007761,146858237135
135,0.001825314,0.08132486,0.7992944,146858237135
136,0.000267781317,0.111543909,0.818342745,146858237135
137,-0.009306598,0.105552912,0.817729,146858237135
138,-0.0253786258,0.117400616,0.8183429,146858237135
139,-0.0379941724,0.116145626,0.8288852,146858237135
140,-0.04177147,0.121918075,0.828409433,146858237135
141,-0.0458335429,0.124342926,0.8324271,146858237135
142,-0.062372826,0.124916315,0.877667367,146858237135
143,-0.05771102,0.121874392,0.860835433,146858237135
144,0.00526849,0.0424383134,0.8055393,146858237135
145,0.0105547048,0.0573406443,0.7974731,146858237135
146,-0.0009704139,0.07171537,0.806900561,146858237135
147,0.00092513673,0.07277016,0.8000413,146858237135
148,0.00186191127,0.0796521,0.7972927,146858237135
149,0.00713523664,0.0866889656,0.7925582,146858237135
150,0.0100927483,0.08882065,0.789863348,146858237135
151,0.0134842219,0.09935239,0.7944061,146858237135
152,0.00387058966,0.109861262,0.814168632,146858237135
153,0.007980179,0.11561273,0.8096805,146858237135
154,-0.009389527,0.118521772,0.817499936,146858237135
155,-0.0546489879,0.13925001,0.8505498,146858237135
156,0.0104869688,0.0516982265,0.796677232,146858237135
157,0.001312213,0.06887065,0.806426644,146858237135
158,0.00269475579,0.0706558451,0.802234054,146858237135
159,0.00260279328,0.07174814,0.800265849,146858237135
160,0.00196379237,0.0765473247,0.79633534,146858237135
161,0.00274445862,0.0745481849,0.7960882,146858237135
162,0.00375626143,0.1266523,0.8092412,146858237135
163,0.008643074,0.131723553,0.805702269,146858237135
164,-0.0451049656,0.128495276,0.8294927,146858237135
165,-0.04016439,0.12504828,0.82502073,146858237135
166,0.0121785393,0.048294194,0.797351837,146858237135
167,0.0141845364,0.0576795042,0.7965346,146858237135
168,0.0160100218,0.0670342743,0.7967578,146858237135
169,0.0044556465,0.07339021,0.796624362,146858237135
170,0.00743943453,0.07944174,0.7889758,146858237135
171,0.01081707,0.0805368,0.785829,146858237135
172,0.0118843047,0.0769837648,0.7859829,146858237135
173,0.008645942,0.0766589642,0.788780153,146858237135
174,0.0137351751,0.09028286,0.7879924,146858237135
175,-0.033732783,0.116078123,0.8253087,146858237135
176,-0.0372525379,0.12106026,0.824577451,146858237135
177,-0.0463695824,0.133426785,0.8358358,146858237135
178,-0.0535248369,0.152139276,0.8499581,146858237135
179,-0.05173193,0.146670535,0.845059,146858237135
180,0.0137174409,0.0430470519,0.80040437,146858237135
181,0.0107759489,0.0745917857,0.7888383,146858237135
182,0.013149824,0.07414305,0.7872652,146858237135
183,0.015114381,0.07093246,0.792177558,146858237135
184,0.0107611082,0.134558886,0.8060196,146858237135
185,0.00206101872,0.118826985,0.81476146,146858237135
186,-0.007478144,0.111186855,0.818523,146858237135
187,-0.006487664,0.107251719,0.818032265,146858237135
188,-0.00696305,0.117280342,0.81839484,146858237135
189,-0.0287967026,0.116229132,0.8206182,146858237135
190,-0.0342972837,0.125022173,0.82071,146858237135
191,0.01432896,0.03789194,0.8021532,146858237135
192,0.0134396236,0.05245629,0.7958427,146858237135
193,0.0146367718,0.08123033,0.783989,146858237135
194,0.0151708629,0.07733564,0.784426033,146858237135
195,-0.0117845088,0.1339755,0.8133323,146858237135
196,-0.01341464,0.14008823,0.8076872,146858237135
197,-0.00258811936,0.112686336,0.8193828,146858237135
198,-0.004294662,0.11389669,0.8195209,146858237135
199,-0.029519286,0.1118358,0.8224873,146858237135
200,-0.0323781259,0.1206106,0.820601463,146858237135
201,-0.03841122,0.136620656,0.818894863,146858237135
202,-0.0352236,0.1316294,0.8179383,146858237135
203,0.0153406495,0.04826676,0.7964112,146858237135
204,0.0114567,0.06946172,0.798416734,146858237135
205,0.0145817362,0.06988571,0.7958568,146858237135
206,0.0136606786,0.0707199052,0.795702457,146858237135
207,0.0159991,0.07399746,0.7859784,146858237135
208,0.01710758,0.0703739,0.791680634,146858237135
209,-0.0116058644,0.146174192,0.8043948,146858237135
210,-0.0110574868,0.128572553,0.815457761,146858237135
211,-0.0046173837,0.115209289,0.8201202,146858237135
212,-0.0270999521,0.116862215,0.8192474,146858237135
213,-0.0308006257,0.121651359,0.81902343,146858237135
214,-0.0342753865,0.145667762,0.817684531,146858237135
215,-0.0547608435,0.158420712,0.856366634,146858237135
216,0.0168923624,0.0429552346,0.799477339,146858237135
217,0.0168056786,0.0693348348,0.7952451,146858237135
218,-0.0197133422,0.139783472,0.808400035,146858237135
219,-0.0192586444,0.147991776,0.806249261,146858237135
220,-0.0167596228,0.134641141,0.81314224,146858237135
221,-0.003199609,0.115740292,0.817981064,146858237135
222,-0.0310840681,0.127458036,0.818387,146858237135
223,-0.0348139927,0.141102716,0.8149503,146858237135
224,-0.0300650038,0.134117723,0.814478159,146858237135
225,-0.027501937,0.147497952,0.8121059,146858237135
226,0.0175101347,0.0376104452,0.80134064,146858237135
227,-0.02306753,0.134205773,0.812950969,146858237135
228,-0.027279146,0.140163928,0.810083747,146858237135
229,-0.0157594159,0.129368842,0.814476967,146858237135
230,-0.0109229367,0.123597749,0.8156536,146858237135
231,-0.009674089,0.120515443,0.8164064,146858237135
232,-0.04292805,0.165141016,0.83680886,146858237135
233,-0.04389888,0.173191935,0.8416685,146858237135
234,-0.0205131136,0.129918009,0.8145923,146858237135
235,-0.027325619,0.123503387,0.8168192,146858237135
236,-0.0257952586,0.12936233,0.8158083,146858237135
237,-0.0144674666,0.124663793,0.8150899,146858237135
238,-0.012795534,0.121423095,0.815652132,146858237135
239,-0.0223414525,0.118474968,0.8171042,146858237135
240,-0.0348132364,0.1705254,0.82736963,146858237135
241,-0.0181656256,0.12522909,0.814814568,146858237135
242,-0.0152735263,0.119610518,0.8161931,146858237135
243,-0.016361773,0.121807426,0.815208554,146858237135
244,-0.0226799175,0.124717072,0.8152124,146858237135
245,-0.0187880956,0.1194709,0.8162987,146858237135
246,-0.0357376076,0.179445386,0.8333577,146858237135
247,-0.0271208026,0.184411019,0.8274423,146858237135
248,-0.0183713138,0.188058019,0.822651446,146858237135
249,-0.009717446,0.1791274,0.812182546,146858237135
250,-0.0178838558,0.176748276,0.8155133,146858237135
251,-0.0106486548,0.190830439,0.819907665,146858237135
252,-0.00189173594,0.1679415,0.8067744,146858237135
253,-0.0100412089,0.1670222,0.808538258,146858237135
254,-0.0180860162,0.165958524,0.811370969,146858237135
255,-0.0256987624,0.16435279,0.8163183,146858237135
256,-0.0335082,0.161508262,0.822631359,146858237135
257,-0.0418219157,0.156830415,0.8310553,146858237135
258,0.0105890809,0.118297517,0.806720257,146858237135
259,0.0121561848,0.121644691,0.806800544,146858237135
260,-0.00467419066,0.103865072,0.817506552,146858237135
261,0.00434196927,0.104575157,0.8104128,146858237135
262,0.00238278136,0.0880800858,0.804614246,146858237135
263,0.00119576231,0.06615415,0.807090938,146858237135
264,0.00342114,0.0540991426,0.8000868,146858237135
265,0.00524507277,0.0497190244,0.7992333,146858237135
266,-0.0214913,0.108535454,0.81848675,146858237135
267,-0.0231344737,0.103956543,0.819506645,146858237135
268,-0.0249910578,0.09844041,0.820807636,146858237135
269,-0.027228307,0.09370973,0.820467651,146858237135
270,-0.02295991,0.08717438,0.816902,146858237135
271,0.009484746,0.0478511043,0.7985585,146858237135
272,0.0109571638,0.0432109646,0.801802039,146858237135
273,0.011436373,0.0381806046,0.803335,146858237135
274,-0.04008666,0.0483717322,0.8381155,146858237135
275,-0.034134198,0.0466752462,0.8308167,146858237135
276,-0.04925993,0.0529690981,0.8561026,146858237135
277,-0.0504512042,0.06083736,0.852696,146858237135
278,-0.0346351266,0.0554658957,0.826881,146858237135
279,-0.0358794443,0.106400684,0.8294552,146858237135
280,-0.0305106342,0.108287342,0.8238503,146858237135
281,-0.0601022542,0.09299065,0.885016739,146858237135
282,-0.0263266638,0.174082726,0.8204062,146858237135
283,0.006056454,0.180989325,0.808856368,146858237135
284,0.0023194626,0.08337532,0.8012791,146858237135
285,0.00733802654,0.08959454,0.7948662,146858237135
286,0.0101388916,0.09184222,0.7923179,146858237135
287,0.0136326216,0.09354723,0.790445745,146858237135
288,-0.0299183242,0.115398057,0.8220614,146858237135
289,-0.0284034759,0.106315382,0.8222635,146858237135
290,-0.03442326,0.103812143,0.827413142,146858237135
291,-0.0391664058,0.09940027,0.829945445,146858237135
292,-0.0463909358,0.09738854,0.8365934,146858237135
293,0.00724025071,0.08353699,0.7901456,146858237135
294,0.0105324266,0.0852474645,0.7871077,146858237135
295,0.0143602761,0.0862102062,0.785331249,146858237135
296,0.005285411,0.193599164,0.81653583,146858237135
297,-0.0005342625,0.0696526244,0.80886656,146858237135
298,-0.000475667417,0.079043515,0.8050483,146858237135
299,-0.00147282332,0.115719453,0.818293452,146858237135
300,-0.009306207,0.07350941,0.8093949,146858237135
301,-0.00584792532,0.0678077862,0.809025049,146858237135
302,-0.00477311,0.0647480562,0.8078566,146858237135
303,-0.0165127665,0.0887029,0.815312445,146858237135
304,-0.0165054537,0.0942453742,0.817548037,146858237135
305,-0.0163012668,0.09862693,0.818353951,146858237135
306,-0.01611491,0.104055077,0.8177298,146858237135
307,0.008104237,0.06831999,0.801440537,146858237135
308,-0.00311339647,0.06112042,0.8063279,146858237135
309,-0.00187935866,0.0562152937,0.8044331,146858237135
310,0.000206317753,0.05139042,0.8025504,146858237135
311,-0.0006382987,0.0455987565,0.8056931,146858237135
312,0.0004424397,0.0439717062,0.8060234,146858237135
313,0.00208792463,0.04189712,0.8080865,146858237135
314,0.002402313,0.03896014,0.8087766,146858237135
315,-0.002119271,0.107672192,0.8175742,146858237135
316,-0.004170157,0.110222109,0.818594635,146858237135
317,-0.00529119745,0.116063721,0.819439054,146858237135
318,0.0140748592,0.07149318,0.7925367,146858237135
319,0.0122293979,0.06737687,0.7979123,146858237135
320,0.006843051,0.0746907741,0.792970955,146858237135
321,0.00494284462,0.06810697,0.804069161,146858237135
322,0.0166400038,0.0716327056,0.7885725,146858237135
323,0.0143850492,0.07215215,0.789407,146858237135
324,0.0131632956,0.0726666152,0.7902228,146858237135
325,0.0122132,0.07238427,0.793778837,146858237135
326,-0.0289901085,0.117982946,0.8190792,146858237135
327,-0.02740768,0.11869467,0.8178753,146858237135
328,-0.0238876231,0.120152749,0.8162956,146858237135
329,-0.0200969428,0.121471189,0.8153736,146858237135
330,-0.004330948,0.115636006,0.819267035,146858237135
331,-0.0056100823,0.112950772,0.8195048,146858237135
332,-0.00982002,0.109748676,0.8178541,146858237135
333,-0.0155375116,0.108895645,0.8173919,146858237135
334,-0.0263214335,0.109612018,0.820573747,146858237135
335,-0.036109902,0.1228668,0.822980165,146858237135
336,-0.0498787537,0.166030928,0.84944874,146858237135
337,-0.0490429476,0.159404263,0.8441073,146858237135
338,-0.04782819,0.1525597,0.8390597,146858237135
339,-0.04330896,0.137361109,0.8304399,146858237135
340,-0.04198812,0.132744521,0.8240384,146858237135
341,-0.038032867,0.128330618,0.8215711,146858237135
342,-0.03008844,0.117016293,0.820598662,146858237135
343,-0.033460483,0.11969582,0.8223102,146858237135
344,-0.02802018,0.110580772,0.8214826,146858237135
345,0.004758939,0.1440041,0.8033317,146858237135
346,-0.00312427059,0.143925428,0.8033897,146858237135
347,-0.008017004,0.139504164,0.8071161,146858237135
348,-0.00737986341,0.132782027,0.813769042,146858237135
349,-0.007869737,0.126593724,0.816340446,146858237135
350,-0.00768175162,0.122020513,0.816602349,146858237135
351,-0.00702061132,0.11891792,0.8174882,146858237135
352,-0.00831821747,0.0590035841,0.808205962,146858237135
353,-0.00997079,0.0615002774,0.80907166,146858237135
354,-0.0147045925,0.0672011152,0.8099848,146858237135
355,-0.0174402185,0.0834526,0.813583255,146858237135
356,0.01790792,0.03329795,0.800551653,146858237135
357,0.0177388452,0.0271836352,0.802050769,146858237135
358,0.0177190378,0.0251934044,0.8063056,146858237135
359,0.017517399,0.0183132011,0.811039448,146858237135
360,0.0180542935,0.0134419277,0.8110772,146858237135
361,0.017698193,0.005330533,0.813026249,146858237135
362,0.01705775,-0.00333208218,0.8204372,146858237135
363,0.0158269834,-0.0070884116,0.830839038,146858237135
364,0.0143720452,-0.00987236947,0.8473536,146858237135
365,0.0138875861,-0.010935802,0.854595065,146858237135
366,0.0146405138,0.0336883962,0.800660133,146858237135
367,0.0141640846,0.02812368,0.8020203,146858237135
368,0.0139635587,0.0253594723,0.8060061,146858237135
369,0.0137437889,0.0177594032,0.811572134,146858237135
370,0.01386095,0.0128335934,0.8116952,146858237135
371,0.0127824768,0.00557172671,0.813704252,146858237135
372,0.01103865,-0.00285512581,0.821504951,146858237135
373,0.009055188,-0.00639926642,0.8317759,146858237135
374,0.0069332514,-0.008512832,0.84851557,146858237135
375,0.005888177,-0.009128403,0.8559526,146858237135
376,0.011590098,0.0341450274,0.8014748,146858237135
377,0.0108069954,0.0294904914,0.802557766,146858237135
378,0.0102360984,0.0261947867,0.8059168,146858237135
379,0.0100102592,0.0173672624,0.812504947,146858237135
380,0.009704604,0.0125555918,0.813092768,146858237135
381,0.007645583,0.00627998635,0.8155697,146858237135
382,0.004629951,-0.00120031461,0.822937131,146858237135
383,0.00209208578,-0.00400197133,0.8331922,146858237135
384,-0.0010565985,-0.005455289,0.8496636,146858237135
385,-0.001957329,-0.00598187372,0.857665062,146858237135
386,0.00173000619,0.03778807,0.808631063,146858237135
387,0.0008885823,0.0351379476,0.809188843,146858237135
388,-0.000912645832,0.03253317,0.8105573,146858237135
389,-0.004640823,0.0207459442,0.819999337,146858237135
390,-0.00684170239,0.0178648122,0.8221556,146858237135
391,-0.0119739063,0.0133029241,0.8287104,146858237135
392,-0.0180394351,0.01017981,0.8397124,146858237135
393,-0.02354794,0.009620555,0.8533939,146858237135
394,0.00714725163,0.0615171976,0.8007606,146858237135
395,0.0112345917,0.0630249456,0.798647165,146858237135
396,0.0152810216,0.06315112,0.797484756,146858237135
397,-0.00662978739,0.04795594,0.8082503,146858237135
398,-0.008836182,0.0405870453,0.813112736,146858237135
399,-0.008125696,0.03524594,0.8168325,146858237135
400,-0.005427912,0.0304624438,0.8153392,146858237135
401,-0.00245233625,0.0275852717,0.813806951,146858237135
402,0.001568066,0.0246461518,0.812500834,146858237135
403,0.0100577632,0.0218749847,0.810269654,146858237135
404,0.0137483235,0.0216889679,0.8098335,146858237135
405,0.0175509062,0.0220009815,0.809553266,146858237135
406,0.0149642341,-0.008525893,0.8384277,146858237135
407,0.007885343,-0.007482309,0.8396847,146858237135
408,0.000359077,-0.004876241,0.84099257,146858237135
409,-0.0145674348,0.003996372,0.845308065,146858237135
410,-0.0212181546,0.009386871,0.8463422,146858237135
411,-0.02722618,0.0158138517,0.84686023,146858237135
412,-0.0360753164,0.0304868184,0.844954669,146858237135
413,-0.04056523,0.05729229,0.834522367,146858237135
414,-0.0380763374,0.080797255,0.824889362,146858237135
415,-0.03503211,0.087547116,0.822826266,146858237135
416,-0.03198219,0.0946770161,0.823026657,146858237135
417,-0.0302561484,0.0162671488,0.8541172,146858237135
418,-0.0400068238,0.0321598947,0.8532653,146858237135
419,-0.04505884,0.05043855,0.847120047,146858237135
420,-0.0459479839,0.0591489226,0.84341985,146858237135
421,-0.0439697057,0.08337951,0.8313421,146858237135
422,-0.0112620331,0.03708365,0.816679,146858237135
423,-0.0140072182,0.0366573445,0.8181103,146858237135
424,-0.0171468817,0.0364400931,0.819374561,146858237135
425,-0.02392909,0.0365634337,0.8245999,146858237135
426,-0.03297425,0.03788893,0.8345555,146858237135
427,-0.03872403,0.0389915332,0.841785669,146858237135
428,-0.04375738,0.0411575772,0.8511994,146858237135
429,-0.0486167744,0.0451394729,0.862845242,146858237135
430,-0.0497549176,0.0450478159,0.875761867,146858237135
431,-0.008765351,0.0376821868,0.8151998,146858237135
432,-0.006969448,0.0384992175,0.8143009,146858237135
433,-0.005689971,0.0392009951,0.813859165,146858237135
434,-0.00497060828,0.03955561,0.8139041,146858237135
435,-0.00444859453,0.0397474244,0.8140742,146858237135
436,-0.04421667,0.09333213,0.8325734,146858237135
437,-0.0318390727,0.110206641,0.825062037,146858237135
438,-0.0411113128,0.102400735,0.8329551,146858237135
439,-0.037164323,0.109431572,0.830890238,146858237135
440,-0.0330407955,0.111658044,0.826068938,146858237135
441,-0.03040493,0.1148111,0.823263764,146858237135
442,-0.0307007469,0.112891406,0.8233849,146858237135
443,-0.0317403264,0.115207985,0.8233827,146858237135
444,0.006041263,0.168298,0.8055813,146858237135
445,-0.00172487088,0.180240542,0.809908867,146858237135
446,-0.00278770179,0.192641228,0.8179351,146858237135
447,0.0131873349,0.108651824,0.800748,146858237135
448,0.00459868,0.1004834,0.8072763,146858237135
449,0.00141432881,0.09695336,0.8093161,146858237135
450,-0.0110233873,0.08658787,0.8125871,146858237135
451,-0.0246285573,0.08121668,0.8158015,146858237135
452,-0.0316696875,0.0803467259,0.8196862,146858237135
453,-0.04861614,0.08725126,0.8384011,146858237135
454,-0.05108341,0.092965275,0.8430837,146858237135
455,-0.0399969779,0.142022848,0.823496461,146858237135
456,-0.05206848,0.05450825,0.868807435,146858237135
457,-0.0572013929,0.08692874,0.8626095,146858237135
458,-0.0583650544,0.08548326,0.873921156,146858237135
459,-0.04027265,0.08980997,0.827540934,146858237135
460,-0.0520801544,0.09849788,0.8459392,146858237135
461,-0.05691728,0.1436959,0.8559267,146858237135
462,-0.0582967475,0.09495784,0.863557339,146858237135
463,-0.0586958453,0.149121627,0.86420083,146858237135
464,-0.0473332033,0.116081111,0.8393712,146858237135
465,-0.0220643915,0.09348667,0.8186798,146858237135
466,-0.0209340453,0.0981209,0.819333434,146858237135
467,-0.0196665525,0.103697717,0.818402469,146858237135
468,-0.0184782147,0.108483888,0.81779623,146858237135
469,0.0003022123,0.07507285,0.800163448,146858237135
470,-0.0306749046,0.113927856,0.8238906,146858237135
471,-0.0312371962,0.113733441,0.8236501,146858237135
472,-0.03378095,0.113051437,0.826323748,146858237135
473,-0.0382743925,0.111725435,0.8309617,146858237135
474,-0.0430015065,0.109352469,0.8356671,146858237135
475,-0.04762233,0.106404029,0.8407172,146858237135
476,-0.0524830967,0.104447618,0.847355664,146858237135
477,-0.05893588,0.103347808,0.863518655,146858237135
478,-0.0604710281,0.103098437,0.8728754,146858237135
479,-0.06109839,0.102712594,0.8830981,146858237135
480,-0.00415259972,0.07900052,0.8099246,146858237135
481,-0.005788006,0.0900130048,0.8118851,146858237135
482,-0.005885033,0.09391235,0.8135553,146858237135
483,-0.006827308,0.09795865,0.8160177,146858237135
484,0.00241739862,0.05981072,0.8029294,146858237135
485,0.007091784,0.055792667,0.798699558,146858237135
486,0.007967549,0.0507250726,0.7976508,146858237135
487,0.0006558858,0.07107848,0.803479731,146858237135
488,-0.0008482076,0.07539159,0.803636253,146858237135
489,0.00776034035,0.109301373,0.8078507,146858237135
490,0.007521324,0.10436438,0.805024445,146858237135
491,0.00755707175,0.09505968,0.798915267,146858237135
492,0.004818788,0.0865971744,0.7979378,146858237135
493,0.00475299731,0.08411975,0.79567343,146858237135
494,0.00498471968,0.08179681,0.793101966,146858237135
495,0.004909925,0.07827439,0.792159,146858237135
496,0.005502303,0.07609319,0.792292058,146858237135
497,0.0150806773,0.156812042,0.8034715,146858237135
498,0.00541766826,0.157097533,0.8032524,146858237135
499,-0.00299108215,0.156890377,0.803421736,146858237135
500,-0.0119638592,0.156370714,0.8057772,146858237135
501,-0.0198871829,0.155816436,0.8110842,146858237135
502,-0.0270619541,0.154624909,0.8157343,146858237135
503,-0.03397099,0.152841121,0.8196918,146858237135
504,-0.04091273,0.148609057,0.826516747,146858237135
505,-0.046152778,0.144718289,0.835974932,146858237135
506,-0.05008305,0.1410672,0.841878653,146858237135
507,-0.0526652634,0.1354622,0.84658885,146858237135
508,-0.0554307774,0.120051369,0.854671538,146858237135
509,-0.000623371452,0.07284384,0.8041536,146858237135
510,-0.00949300453,-0.00150275975,0.8591299,146858237135
511,-0.008639384,-0.00112425536,0.851126552,146858237135
512,-0.007068347,-0.0008156486,0.8431911,146858237135
513,-0.005154684,8.666143e-05,0.8354469,146858237135
514,-0.00150626339,0.00204680488,0.8251551,146858237135
515,0.00215283036,0.008601915,0.818319559,146858237135
516,0.004457593,0.01361938,0.8154715,146858237135
517,0.00559503864,0.0182129759,0.8141273,146858237135
518,0.00579617266,0.0227544159,0.811311841,146858237135
519,0.006601624,0.0277072713,0.8065856,146858237135
520,0.007638502,0.0309593361,0.803744555,146858237135
521,0.008085585,0.0351413339,0.803267658,146858237135
522,0.008585551,0.038114,0.8048977,146858237135
523,0.008031917,0.0431273878,0.8035298,146858237135
524,0.006350698,0.04713746,0.800212443,146858237135
525,0.0030844193,0.06943243,0.8052179,146858237135
526,0.009148446,0.07253171,0.797286034,146858237135
527,-0.0530599877,0.06276031,0.8619931,146858237135
528,-0.054401435,0.0626685,0.871499062,146858237135
529,-0.0190720856,0.00450710952,0.8693357,146858237135
530,0.0133939479,-0.0123788156,0.861123145,146858237135
531,0.00526828971,-0.0103304423,0.862636447,146858237135
532,0.0221299436,-0.012671221,0.8605301,146858237135
533,-0.0026559867,-0.006790556,0.8645717,146858237135
534,-0.0107899383,-0.001657214,0.8669473,146858237135
535,-0.00386441872,0.0236728564,0.817016244,146858237135
536,-0.05662314,0.131398171,0.856237233,146858237135
537,-0.0588787124,0.134054378,0.8619774,146858237135
538,-0.0617902353,0.137119412,0.8714451,146858237135
539,-0.0311075523,0.116148785,0.8220211,146858237135
540,-0.0334659778,0.117737621,0.8240114,146858237135
541,-0.03779373,0.118725196,0.8266318,146858237135
542,-0.0422825,0.118925087,0.831152856,146858237135
543,-0.0464976132,0.120333433,0.836058736,146858237135
544,-0.0507204831,0.123405762,0.8434117,146858237135
545,-0.05447097,0.129158929,0.8514672,146858237135
546,-0.0565510169,0.111484416,0.8564033,146858237135
547,-0.0589283258,0.112170883,0.8631386,146858237135
548,-0.06110698,0.112739913,0.871138,146858237135
549,-0.0617392138,0.113191545,0.88089937,146858237135
550,-0.03153051,0.11445833,0.823814,146858237135
551,-0.033885356,0.1143214,0.826230764,146858237135
552,-0.0381328948,0.11389304,0.8304693,146858237135
553,-0.0428079143,0.112770446,0.835611343,146858237135
554,-0.0480226725,0.1111666,0.8414727,146858237135
555,-0.0526558235,0.110522874,0.8483271,146858237135
556,0.0543228425,0.0162268188,0.8291571,146858237135
557,0.0606723,0.0137918405,0.840356946,146858237135
558,0.06523079,0.02038278,0.840770066,146858237135
559,0.05799791,0.0216757357,0.8299399,146858237135
560,0.0278044418,-0.00281298533,0.8204712,146858237135
561,0.0290054,-0.00648614764,0.8309583,146858237135
562,0.0356540531,-0.005152438,0.832008,146858237135
563,0.033723563,-0.00174773857,0.8216282,146858237135
564,0.0484092981,0.0203289334,0.8222939,146858237135
565,0.0516598336,0.02479769,0.8233376,146858237135
566,0.06879033,0.0202085432,0.8477312,146858237135
567,0.07151668,0.0209458079,0.8551504,146858237135
568,0.07974033,0.0374385975,0.85404,146858237135
569,0.0759417,0.0353743173,0.8456551,146858237135
570,0.026528623,0.005956348,0.812993,146858237135
571,0.03133595,0.00672325864,0.813728154,146858237135
572,0.0398921743,0.0004966073,0.8232111,146858237135
573,0.0423320979,-0.00207880512,0.833568037,146858237135
574,0.0491029248,0.00264814124,0.83594,146858237135
575,0.0455626845,0.00434158742,0.825566232,146858237135
576,0.0459798872,0.02302481,0.819642246,146858237135
577,0.0491879433,0.02718459,0.82076925,146858237135
578,0.0627697557,0.0331929065,0.827987432,146858237135
579,0.07114221,0.0341783725,0.8381833,146858237135
580,0.07226172,0.0421675146,0.8351829,146858237135
581,0.06324361,0.03999356,0.825369835,146858237135
582,0.0825023949,0.046696566,0.852076,146858237135
583,0.07783695,0.043914102,0.8424892,146858237135
584,0.02521841,0.0139777176,0.8110778,146858237135
585,0.0292369649,0.0138524752,0.8117109,146858237135
586,0.0362064764,0.007902175,0.8156726,146858237135
587,0.0411985144,0.010714449,0.8185196,146858237135
588,0.05057271,0.0102125853,0.827713847,146858237135
589,0.0449351259,0.0156776626,0.8206965,146858237135
590,0.05576851,0.0340108834,0.822417557,146858237135
591,0.0576840527,0.06245538,0.8132584,146858237135
592,0.0512343347,0.0568512,0.811480939,146858237135
593,0.05570063,0.0443798639,0.817404151,146858237135
594,0.062739715,0.0470505,0.8221534,146858237135
595,0.082651414,0.0398136042,0.864581943,146858237135
596,0.08404625,0.0413509645,0.8759781,146858237135
597,0.08781264,0.0509193242,0.8772848,146858237135
598,0.08685724,0.05092013,0.864074051,146858237135
599,0.03323037,0.0140615571,0.8130832,146858237135
600,0.0381324477,0.0155438185,0.8155088,146858237135
601,0.0563151464,0.03919971,0.8202308,146858237135
602,0.0457915254,0.0327696353,0.815136135,146858237135
603,0.0431593768,0.02969202,0.8132393,146858237135
604,0.04479797,0.0258699413,0.816504836,146858237135
605,0.04752179,0.0296585131,0.8179204,146858237135
606,0.05277861,0.0348657146,0.820790946,146858237135
607,0.0532419346,0.0390257537,0.8188907,146858237135
608,0.0244243834,0.0225195475,0.8094103,146858237135
609,0.0250039436,0.0188353416,0.811102748,146858237135
610,0.0286400821,0.01868454,0.8115768,146858237135
611,0.0280096978,0.0226626862,0.8097704,146858237135
612,0.0526770838,0.04324483,0.816087365,146858237135
613,0.08967207,0.06870071,0.8634837,146858237135
614,0.09179421,0.09311466,0.864198864,146858237135
615,0.0893297344,0.0949249044,0.853169441,146858237135
616,0.08729799,0.06663631,0.853913665,146858237135
617,0.0314913131,0.0233381931,0.810026169,146858237135
618,0.03214193,0.0187150631,0.8123874,146858237135
619,0.0362863429,0.0199612379,0.813866556,146858237135
620,0.03554026,0.02456697,0.810868,146858237135
621,0.04068329,0.02246096,0.815561056,146858237135
622,0.0394741334,0.0264998488,0.811812937,146858237135
623,0.039111197,0.03715669,0.8090333,146858237135
624,0.0412394442,0.03477674,0.8100875,146858237135
625,0.04314538,0.0363006443,0.812912166,146858237135
626,0.0415496342,0.03817357,0.8117883,146858237135
627,0.05011058,0.03600107,0.8191406,146858237135
628,0.0476593673,0.03728522,0.817327,146858237135
629,0.04903573,0.05442546,0.810890257,146858237135
630,0.05201011,0.069353,0.810752332,146858237135
631,0.04774407,0.06309173,0.8101999,146858237135
632,0.023696702,0.0279151611,0.801827252,146858237135
633,0.0238666944,0.0258371029,0.8061035,146858237135
634,0.02740597,0.0264779963,0.8057007,146858237135
635,0.02704183,0.0293324143,0.801674247,146858237135
636,0.05058023,0.03916003,0.817356467,146858237135
637,0.0481163859,0.03958717,0.8159028,146858237135
638,0.04627703,0.06038536,0.8092239,146858237135
639,0.04330605,0.06926902,0.8100851,146858237135
640,0.04629552,0.07531747,0.8101594,146858237135
641,0.0457435958,0.09831193,0.817178965,146858237135
642,0.04570295,0.09350979,0.8148671,146858237135
643,0.0517073758,0.09161934,0.815958858,146858237135
644,0.0511381477,0.09731193,0.8181804,146858237135
645,0.0301173441,0.0310188942,0.802155435,146858237135
646,0.0308464188,0.0276426021,0.8055195,146858237135
647,0.0342357866,0.02961635,0.806020737,146858237135
648,0.03308051,0.03280971,0.803377,146858237135
649,0.03775698,0.0322747156,0.807667255,146858237135
650,0.03640101,0.0352471471,0.806007445,146858237135
651,0.0378422,0.0395006575,0.808674455,146858237135
652,0.04041855,0.0400760844,0.8111066,146858237135
653,0.0458928719,0.0386406034,0.815547168,146858237135
654,0.0443852022,0.0398033038,0.8147164,146858237135
655,0.04805001,0.0422221124,0.813769162,146858237135
656,0.0502689034,0.0425547771,0.81478864,146858237135
657,0.0470462963,0.0519837737,0.809785843,146858237135
658,0.0452157333,0.04937517,0.809108436,146858237135
659,0.0423538722,0.0660949349,0.808742046,146858237135
660,0.0228674188,0.0339758433,0.8003108,146858237135
661,0.02601213,0.0347785056,0.800429642,146858237135
662,0.03702519,0.0405099168,0.808963656,146858237135
663,0.03977096,0.0410060771,0.8114036,146858237135
664,0.0462112054,0.0402315781,0.814917564,146858237135
665,0.0448376574,0.0408813357,0.814440846,146858237135
666,0.04318531,0.0534914,0.806916237,146858237135
667,0.0447907522,0.057188604,0.807927668,146858237135
668,0.04098089,0.0625686049,0.8069883,146858237135
669,0.0369415469,0.0850755,0.808327,146858237135
670,0.0371547379,0.09541179,0.811434,146858237135
671,0.0337019563,0.0982045457,0.809775949,146858237135
672,0.033812508,0.08923421,0.8051503,146858237135
673,0.0505730361,0.101677775,0.8189889,146858237135
674,0.046266038,0.102231763,0.8182932,146858237135
675,0.0752361342,0.0946435556,0.828537345,146858237135
676,0.0705328,0.101152375,0.827286,146858237135
677,0.06656707,0.09885076,0.8238926,146858237135
678,0.0701755658,0.09199077,0.8236371,146858237135
679,0.02273031,0.03827771,0.8012422,146858237135
680,0.025802277,0.0389363,0.801926732,146858237135
681,0.0289558247,0.0355492868,0.8012044,146858237135
682,0.0322202668,0.03688473,0.803098261,146858237135
683,0.0349568538,0.0380976871,0.8056641,146858237135
684,0.04326085,0.04082203,0.814442158,146858237135
685,0.04607336,0.0420145,0.8133173,146858237135
686,0.04351477,0.04698594,0.8086248,146858237135
687,0.0418267623,0.045061212,0.8087924,146858237135
688,0.044685632,0.0418546,0.8134152,146858237135
689,0.0370798558,0.09910789,0.813325763,146858237135
690,0.03755061,0.103226826,0.8161836,146858237135
691,0.0343208,0.106131658,0.815831661,146858237135
692,0.0336533561,0.102171049,0.812400341,146858237135
693,0.0499809161,0.107009791,0.8183439,146858237135
694,0.0464473143,0.107238106,0.8180611,146858237135
695,0.05523964,0.101510808,0.820045233,146858237135
696,0.05359402,0.106928818,0.819067359,146858237135
697,0.0659071654,0.10530369,0.825796664,146858237135
698,0.06285778,0.103201255,0.823434532,146858237135
699,0.0285758562,0.0393922143,0.803162754,146858237135
700,0.03124739,0.03963284,0.804804564,146858237135
701,0.0340702534,0.04005515,0.8065665,146858237135
702,0.0431197956,0.04121957,0.814407,146858237135
703,0.04405152,0.0412238948,0.814495,146858237135
704,0.0413843542,0.04972755,0.8060814,146858237135
705,0.039493598,0.04676514,0.806012154,146858237135
706,0.03870768,0.105870023,0.8179813,146858237135
707,0.0413503572,0.10018526,0.816502869,146858237135
708,0.04230068,0.103434846,0.818054855,146858237135
709,0.0434711538,0.0413573422,0.8146509,146858237135
710,0.04375562,0.0416992381,0.813775837,146858237135
711,0.0408229157,0.043689467,0.809419155,146858237135
712,0.0271129087,0.105133235,0.8052894,146858237135
713,0.0280610956,0.0958665,0.7992324,146858237135
714,0.0308531411,0.09282178,0.802081764,146858237135
715,0.030317273,0.101578936,0.8077321,146858237135
716,0.0431064665,0.107932508,0.818245232,146858237135
717,0.04020663,0.109356,0.8185547,146858237135
718,0.0811499357,0.107246228,0.8407111,146858237135
719,0.07574481,0.110768892,0.8363817,146858237135
720,0.07505798,0.107295819,0.834133,146858237135
721,0.0806615949,0.102714911,0.8379054,146858237135
722,0.0431669131,0.0416423157,0.814302862,146858237135
723,0.03982474,0.042519968,0.8109065,146858237135
724,0.03847606,0.0451590419,0.8062748,146858237135
725,0.02374896,0.112718455,0.8057392,146858237135
726,0.0209831391,0.11422389,0.8040392,146858237135
727,0.0211524852,0.108953886,0.800870836,146858237135
728,0.0244384818,0.107525118,0.8027347,146858237135
729,0.0448209047,0.120653532,0.817509055,146858237135
730,0.04615763,0.111707956,0.818047941,146858237135
731,0.049003914,0.111635171,0.817944646,146858237135
732,0.0479102731,0.121353365,0.816957057,146858237135
733,0.0520102642,0.111477517,0.8184313,146858237135
734,0.0514649749,0.121593349,0.8170542,146858237135
735,0.07056329,0.113985166,0.8320777,146858237135
736,0.06959109,0.110864557,0.8305944,146858237135
737,0.07541921,0.120717004,0.8351255,146858237135
738,0.0758829862,0.117613479,0.836976647,146858237135
739,0.08104059,0.116545543,0.8428622,146858237135
740,0.07996358,0.121227756,0.840804756,146858237135
741,0.03689333,0.0430474542,0.808341146,146858237135
742,0.0387817472,0.0764748454,0.8091424,146858237135
743,0.0374088734,0.0804460049,0.8056582,146858237135
744,0.03718752,0.08000243,0.8035269,146858237135
745,0.038217105,0.07748337,0.8067141,146858237135
746,0.0369827859,0.07654837,0.800679564,146858237135
747,0.037137188,0.07905576,0.801337,146858237135
748,0.0351282433,0.08097433,0.797765434,146858237135
749,0.0352655128,0.077882126,0.7967772,146858237135
750,0.0582836457,0.120139144,0.8192846,146858237135
751,0.057648,0.112329505,0.820288539,146858237135
752,0.05981043,0.113107823,0.8214701,146858237135
753,0.06003042,0.119685896,0.820323765,146858237135
754,0.06625868,0.115808986,0.8272618,146858237135
755,0.06517513,0.1143205,0.8261684,146858237135
756,0.0735557154,0.126210287,0.8297384,146858237135
757,0.07461376,0.123408727,0.832636356,146858237135
758,0.07869483,0.125242829,0.837523043,146858237135
759,0.07755627,0.129139289,0.8337712,146858237135
760,0.03515047,0.0552841052,0.800319254,146858237135
761,0.03155001,0.0567732938,0.79873085,146858237135
762,0.030888224,0.05162462,0.7977937,146858237135
763,0.03377163,0.0508036464,0.799442351,146858237135
764,0.03832476,0.07318754,0.807516634,146858237135
765,0.037994843,0.07088205,0.809484065,146858237135
766,0.0292872973,0.08757206,0.7928349,146858237135
767,0.0262125582,0.08948316,0.79010886,146858237135
768,0.0261423681,0.08589768,0.787338138,146858237135
769,0.02949816,0.08445707,0.790434361,146858237135
770,0.02182573,0.09967278,0.794558644,146858237135
771,0.025297273,0.09802907,0.7966529,146858237135
772,0.0255413372,0.115586333,0.809848249,146858237135
773,0.03002324,0.110615842,0.8144641,146858237135
774,0.03092753,0.118653491,0.815095961,146858237135
775,0.0282036383,0.127648354,0.8093748,146858237135
776,0.0432811826,0.112056293,0.81839025,146858237135
777,0.0423465036,0.12000192,0.8182258,146858237135
778,0.04003481,0.118668623,0.8190565,146858237135
779,0.0408778042,0.113217674,0.819056153,146858237135
780,0.069287464,0.12458951,0.826061845,146858237135
781,0.07019655,0.122600518,0.828168452,146858237135
782,0.07620314,0.133156121,0.8306242,146858237135
783,0.07152672,0.1291231,0.8260186,146858237135
784,0.0363067463,0.07023845,0.8069189,146858237135
785,0.0345485,0.07065711,0.805655837,146858237135
786,0.0328011736,0.06917563,0.804462254,146858237135
787,0.036543183,0.06751983,0.807600558,146858237135
788,0.0349005833,0.07191313,0.802675068,146858237135
789,0.0349345,0.07303113,0.8007002,146858237135
790,0.0329976119,0.07452276,0.7969917,146858237135
791,0.02629127,0.08113835,0.786031663,146858237135
792,0.0296917837,0.08033502,0.789271355,146858237135
793,0.0240350068,0.131685019,0.8058559,146858237135
794,0.0228318367,0.118455157,0.806880832,146858237135
795,0.06784784,0.12597993,0.8242305,146858237135
796,0.02441314,0.0580859557,0.79660213,146858237135
797,0.0281047728,0.057982903,0.7975129,146858237135
798,0.0268907584,0.06365941,0.798759162,146858237135
799,0.0228910688,0.06345544,0.797539,146858237135
800,0.0255085118,0.0775565058,0.7861414,146858237135
801,0.02868658,0.07749388,0.789007962,146858237135
802,0.0224781614,0.09062149,0.788141,146858237135
803,0.0222974941,0.08651437,0.7854718,146858237135
804,0.0399083048,0.139922351,0.8088028,146858237135
805,0.0352002978,0.145190686,0.8043122,146858237135
806,0.0647129044,0.123102583,0.8217922,146858237135
807,0.06589623,0.122630365,0.8236361,146858237135
808,0.06861357,0.132098973,0.8224955,146858237135
809,0.06582497,0.127799183,0.8217172,146858237135
810,0.0269560069,0.04902624,0.797364056,146858237135
811,0.0258082282,0.0435496941,0.80038166,146858237135
812,0.0283331368,0.043885652,0.8018313,146858237135
813,0.0294012763,0.04869322,0.7987302,146858237135
814,0.02558385,0.05297884,0.7959221,146858237135
815,0.0283868313,0.0524087958,0.7967527,146858237135
816,0.0267592389,0.07518831,0.7890389,146858237135
817,0.0245011467,0.07309449,0.790320337,146858237135
818,0.02245327,0.08154999,0.7841095,146858237135
819,0.021536354,0.134621,0.8061155,146858237135
820,0.02100594,0.121852,0.8068972,146858237135
821,0.03897598,0.132667467,0.8148166,146858237135
822,0.06290275,0.123787142,0.820017636,146858237135
823,0.0222403612,0.0776155144,0.784518838,146858237135
824,0.026485661,0.144474119,0.803499,146858237135
825,0.04287681,0.134389281,0.8146052,146858237135
826,0.04384338,0.14074862,0.8085839,146858237135
827,0.03987176,0.126930431,0.8170973,146858237135
828,0.0425775722,0.128574282,0.816287339,146858237135
829,0.07288697,0.136944562,0.824820757,146858237135
830,0.0239281915,0.0485831648,0.7963081,146858237135
831,0.0231676213,0.07024132,0.795882463,146858237135
832,0.0240100883,0.07113717,0.7957568,146858237135
833,0.0236687772,0.0718562156,0.792530537,146858237135
834,0.022685118,0.07121535,0.792192161,146858237135
835,0.0233507566,0.07249932,0.7894695,146858237135
836,0.0244451743,0.07459982,0.787382841,146858237135
837,0.021645166,0.07424943,0.786008239,146858237135
838,0.0211955979,0.07181871,0.78859365,146858237135
839,0.0419577137,0.147214517,0.8050425,146858237135
840,0.0501936227,0.141269892,0.8096081,146858237135
841,0.0473817326,0.13517344,0.8144946,146858237135
842,0.03995557,0.122600913,0.817416668,146858237135
843,0.0428863242,0.124220796,0.8166587,146858237135
844,0.0378326476,0.116546795,0.8207255,146858237135
845,0.0375997871,0.115345746,0.820060551,146858237135
846,0.03890542,0.114696778,0.8200419,146858237135
847,0.03840068,0.1173927,0.8200322,146858237135
848,0.06596586,0.134564251,0.819064558,146858237135
849,0.06884095,0.14077954,0.819870532,146858237135
850,0.06364812,0.143757343,0.8165929,146858237135
851,0.0605436675,0.136310011,0.8160522,146858237135
852,0.0219135135,0.06726701,0.7968037,146858237135
853,0.0210315622,0.06950449,0.795265555,146858237135
854,0.0227348916,0.04320909,0.7994187,146858237135
855,0.0256283022,0.06790175,0.7980252,146858237135
856,0.02624323,0.07006509,0.7985364,146858237135
857,0.02968012,0.0691391,0.8017363,146858237135
858,0.0208009183,0.07052921,0.791689932,146858237135
859,0.04908263,0.149412692,0.8070017,146858237135
860,0.046935048,0.1295864,0.8154181,146858237135
861,0.03464874,0.116282456,0.8179808,146858237135
862,0.03638893,0.116920143,0.818629146,146858237135
863,0.06159111,0.12074817,0.8204623,146858237135
864,0.05998303,0.121219173,0.8191401,146858237135
865,0.0624950938,0.129250556,0.8190023,146858237135
866,0.05926179,0.124887653,0.817649841,146858237135
867,0.05693315,0.142899647,0.812413454,146858237135
868,0.0535554551,0.135727942,0.814444065,146858237135
869,0.05158127,0.130238146,0.8154195,146858237135
870,0.0463602133,0.125023782,0.8160284,146858237135
871,0.0399031229,0.119916394,0.8182566,146858237135
872,0.0423465073,0.121503152,0.8172854,146858237135
873,0.0570289679,0.130321383,0.816342056,146858237135
874,0.05448657,0.125611037,0.816022635,146858237135
875,0.0498351865,0.125559434,0.8157696,146858237135
876,0.04508097,0.122227252,0.816710234,146858237135
877,0.055190105,0.120930307,0.8178815,146858237135
878,0.0563341081,0.122276649,0.81735754,146858237135
879,0.07139613,0.178076923,0.842637539,146858237135
880,0.06291328,0.183670133,0.8342439,146858237135
881,0.0626859441,0.174546063,0.828030944,146858237135
882,0.07106264,0.169799745,0.8374537,146858237135
883,0.0485365763,0.122741409,0.816291451,146858237135
884,0.0524034165,0.122955211,0.816380858,146858237135
885,0.05406161,0.187922686,0.8282132,146858237135
886,0.0541042238,0.177421272,0.8210165,146858237135
887,0.0452348962,0.190828145,0.8233298,146858237135
888,0.037486434,0.18092069,0.8125536,146858237135
889,0.04567167,0.179270357,0.8159958,146858237135
890,0.03736125,0.192923784,0.820419431,146858237135
891,0.0294171311,0.194038332,0.818278134,146858237135
892,0.0213229526,0.1942949,0.8167072,146858237135
893,0.0218014754,0.181577981,0.808988631,146858237135
894,0.0295610465,0.181391984,0.8101668,146858237135
895,0.0308113359,0.1689283,0.8069923,146858237135
896,0.0329643823,0.157690257,0.803797245,146858237135
897,0.0416136459,0.15771383,0.8061871,146858237135
898,0.03885261,0.168571264,0.808840752,146858237135
899,0.04961965,0.157628119,0.8114633,146858237135
900,0.046718888,0.168161482,0.811738849,146858237135
901,0.0542414263,0.167205885,0.816681,146858237135
902,0.0563003235,0.157213718,0.815917134,146858237135
903,0.0632052,0.156022072,0.819850564,146858237135
904,0.06213375,0.1650272,0.822997034,146858237135
905,0.07040925,0.152569026,0.8267515,146858237135
906,0.0707466751,0.161134586,0.8314879,146858237135
907,0.07694772,0.157501251,0.839639366,146858237135
908,0.07597968,0.149357349,0.8363259,146858237135
909,0.08015437,0.146120429,0.842482746,146858237135
910,0.0813206,0.152064234,0.8459351,146858237135
911,0.0424019955,0.019200813,0.81812197,146858237135
912,0.03653691,0.07419639,0.8005259,146858237135
913,0.03462997,0.07584448,0.796503246,146858237135
914,0.0368777327,0.0725146,0.8039887,146858237135
915,0.0300647877,0.105700374,0.810753465,146858237135
916,0.0318623967,0.085197024,0.796052,146858237135
917,0.03186122,0.08290154,0.793482,146858237135
918,0.0350194126,0.0826403946,0.799791932,146858237135
919,0.0322422758,0.07941243,0.792515755,146858237135
920,0.0317954049,0.0771778747,0.792609155,146858237135
921,0.0305409655,0.07565847,0.793245137,146858237135
922,0.06044086,0.08464371,0.816425,146858237135
923,0.0531789,0.08629159,0.8142176,146858237135
924,0.05819702,0.09059936,0.8175784,146858237135
925,0.05670401,0.0969371349,0.819383264,146858237135
926,0.0550498255,0.1117589,0.8191749,146858237135
927,0.0597829856,0.108558729,0.821630239,146858237135
928,0.0570457429,0.107424609,0.8202064,146858237135
929,0.059267994,0.10210333,0.82157886,146858237135
930,0.07840356,0.05330404,0.838853836,146858237135
931,0.072777696,0.05090384,0.831389964,146858237135
932,0.08294865,0.056006588,0.8480586,146858237135
933,0.0832895,0.06469289,0.8442068,146858237135
934,0.0781312138,0.06221065,0.8351058,146858237135
935,0.08556869,0.0986687243,0.8444957,146858237135
936,0.08362537,0.09280056,0.839665651,146858237135
937,0.0725745261,0.0595554672,0.8270393,146858237135
938,0.06370114,0.0133256093,0.8472551,146858237135
939,0.0674403161,0.08441519,0.8203342,146858237135
940,0.07935414,0.088558875,0.8323421,146858237135
941,0.07373625,0.0854298547,0.82567,146858237135
942,0.04663325,0.08891921,0.8131704,146858237135
943,0.03431624,0.0846039057,0.8017905,146858237135
944,0.03156695,0.08765073,0.798341155,146858237135
945,0.02228994,0.0938755944,0.7906128,146858237135
946,0.0258617587,0.09246543,0.7925401,146858237135
947,0.0621510372,0.11012309,0.8232164,146858237135
948,0.06833711,0.10816396,0.828480065,146858237135
949,0.06398804,0.1122693,0.824856043,146858237135
950,0.07340134,0.104107693,0.8310635,146858237135
951,0.06447843,0.09072821,0.8200363,146858237135
952,0.08255549,0.1287762,0.844743848,146858237135
953,0.07979747,0.133732349,0.8402146,146858237135
954,0.07710612,0.138156354,0.8366288,146858237135
955,0.073866874,0.141578674,0.830882847,146858237135
956,0.0697326139,0.145508915,0.824254751,146858237135
957,0.06384162,0.1484837,0.8181005,146858237135
958,0.0572856329,0.14963752,0.812603354,146858237135
959,0.0229335818,0.1687828,0.805690646,146858237135
960,0.0246755835,0.157525241,0.803415656,146858237135
961,0.04017879,0.0576662123,0.804993868,146858237135
962,0.0385112576,0.05270946,0.8028643,146858237135
963,0.0287988763,0.0904859751,0.79516536,146858237135
964,0.0356457569,0.0469904,0.802991,146858237135
965,0.0368920267,0.0489488952,0.8025786,146858237135
966,0.0327232927,0.0481430851,0.800360143,146858237135
967,0.0338461325,0.043474745,0.8057459,146858237135
968,0.0312055126,0.04400784,0.8036266,146858237135
969,0.03331439,0.112652667,0.81869185,146858237135
970,0.03595173,0.109369464,0.81801,146858237135
971,0.0377230868,0.1119524,0.8190818,146858237135
972,0.0360101,0.114038557,0.8198613,146858237135
973,0.0263396669,0.109990962,0.8080877,146858237135
974,0.0408243276,0.0959570259,0.8140058,146858237135
975,0.04122871,0.09193739,0.8123626,146858237135
976,0.03745542,0.116882443,0.819865346,146858237135
977,0.09285017,0.09182237,0.875569761,146858237135
978,0.09334298,0.100514576,0.875503659,146858237135
979,0.09219081,0.101277411,0.8651787,146858237135
980,0.0408494771,0.0805439055,0.810496569,146858237135
981,0.0309299864,0.0664457,0.80244714,146858237135
982,0.0253651142,0.07289074,0.7938863,146858237135
983,0.0283810347,0.0732507259,0.7975455,146858237135
984,0.0638279244,0.116777986,0.8245673,146858237135
985,0.06279197,0.115614004,0.8235489,146858237135
986,0.06280343,0.119969614,0.822118,146858237135
987,0.0614503175,0.114223078,0.822446764,146858237135
988,0.0616413131,0.119169377,0.821829557,146858237135
989,0.07784535,0.171464443,0.850552142,146858237135
990,0.07750435,0.164624423,0.8448702,146858237135
991,0.06391349,0.119451195,0.823574841,146858237135
992,0.0662037,0.121149562,0.825397849,146858237135
993,0.062868,0.118772358,0.8233344,146858237135
994,0.0297080539,-0.007662397,0.838619053,146858237135
995,0.0301323347,-0.009100113,0.8475832,146858237135
996,0.036621362,-0.00608606637,0.8399711,146858237135
997,0.04387597,-0.00285699964,0.841409147,146858237135
998,0.0508420579,0.00190356746,0.8438008,146858237135
999,0.04500164,-0.00322628766,0.850226343,146858237135
1000,0.052122578,0.001719784,0.8518497,146858237135
1001,0.03572889,0.06113997,0.803210139,146858237135
1002,0.0373453572,-0.00704665855,0.848897,146858237135
1003,0.0618436821,0.09755023,0.8212346,146858237135
1004,0.073094964,0.0223948918,0.864162,146858237135
1005,0.08680939,0.0587332547,0.857313633,146858237135
1006,0.07886049,0.09845413,0.83374536,146858237135
1007,0.07108297,0.118272558,0.8318531,146858237135
1008,0.07070023,0.120339543,0.830355763,146858237135
1009,0.0668858,0.118303142,0.827611864,146858237135
1010,0.0666009039,0.119831838,0.82669723,146858237135
1011,0.06456794,0.118262582,0.8252548,146858237135
1012,0.0646256059,0.118902162,0.824971139,146858237135
1013,0.06339751,0.118401721,0.8245562,146858237135
1014,0.0893767253,0.0604532063,0.8703349,146858237135
1015,0.0860643461,0.104278691,0.847405434,146858237135
1016,0.06687929,0.117158517,0.8276251,146858237135
1017,0.06432769,0.117602743,0.8249522,146858237135
1018,0.0714219958,0.116262481,0.832307756,146858237135
1019,0.07628171,0.114354566,0.836998641,146858237135
1020,0.08107298,0.11182595,0.8420886,146858237135
1021,0.0309975017,0.06245492,0.800944149,146858237135
1022,0.0380580649,0.07693078,0.8042259,146858237135
1023,0.0380020663,0.07438052,0.8047211,146858237135
1024,0.08980512,0.102430664,0.855639338,146858237135
1025,0.09092385,0.06872776,0.8731629,146858237135
1026,0.0895923749,0.06009282,0.8810468,146858237135
1027,0.08262067,0.157836109,0.8510792,146858237135
1028,0.08327757,0.164318621,0.8576891,146858237135
1029,0.093704164,0.09956969,0.8866756,146858237135
1030,0.09319603,0.09027405,0.887326241,146858237135
1031,0.09080604,0.069156155,0.8848003,146858237135
1032,0.07435914,0.02372558,0.8742746,146858237135
1033,0.03042917,-0.0101219043,0.8548274,146858237135
1034,0.0381970033,-0.00761705264,0.8563528,146858237135
1035,0.04565397,-0.00371893868,0.8582657,146858237135
1036,0.0526812859,0.00140292943,0.8599253,146858237135
1037,0.04613204,-0.0045251064,0.8652261,146858237135
1038,0.0536896251,0.001288712,0.8678055,146858237135
1039,0.0386449546,-0.008809827,0.863075554,146858237135
1040,0.0307842456,-0.0115963668,0.861368656,146858237135
1041,0.06027356,0.007915687,0.8615142,146858237135
1042,0.05933428,0.007459335,0.8531989,146858237135
1043,0.0681825,0.01562618,0.8726165,146858237135
1044,0.0611651875,0.008116808,0.870415449,146858237135
1045,0.05535438,0.00797509,0.838774443,146858237135
1046,0.0577283166,0.007421825,0.8461209,146858237135
1047,0.06576327,0.0136789884,0.8543974,146858237135
1048,0.06711063,0.0147350952,0.8630344,146858237135
1049,0.08324796,0.140858889,0.847608745,146858237135
1050,0.084225975,0.123065345,0.848118961,146858237135
1051,0.08487155,0.145017609,0.851775765,146858237135
1052,0.08558782,0.134748369,0.8527151,146858237135
1053,0.08737428,0.125950426,0.8561233,146858237135
1054,0.08934589,0.128048092,0.862335265,146858237135
1055,0.0874832049,0.137408823,0.8576573,146858237135
1056,0.08671594,0.149778157,0.8573607,146858237135
1057,0.0894409,0.140382051,0.863600433,146858237135
1058,0.09135522,0.129957616,0.8692226,146858237135
1059,0.08790003,0.155428931,0.865780056,146858237135
1060,0.0918642953,0.1437439,0.8730999,146858237135
1061,0.09336699,0.131640017,0.8793399,146858237135
1062,0.0934593156,0.109671228,0.8745272,146858237135
1063,0.09211268,0.109721094,0.8651525,146858237135
1064,0.08980804,0.109779514,0.8567286,146858237135
1065,0.0938983,0.109373368,0.8847547,146858237135
1066,0.0936767459,0.119914569,0.882558167,146858237135
1067,0.0932987854,0.1193418,0.8728033,146858237135
1068,0.08558771,0.116261519,0.849826336,146858237135
1069,0.08594172,0.110270396,0.8488407,146858237135
1070,0.0891938657,0.117569983,0.857922137,146858237135
1071,0.09135563,0.118525058,0.8647379,146858237135
1072,0.06375378,0.11798986,0.8251851,146858237135
1073,0.019820435,0.04299996,0.7991614,146858237135
1074,-0.0515219942,0.0566920079,0.862179,146858237135
1075,0.08869209,0.06256191,0.8635982,146858237135
1076,-0.005290458,0.11727374,0.818599761,146858237135
1077,-0.005037321,0.119309843,0.817281067,146858237135
1078,-0.004093198,0.122356832,0.8176939,146858237135
1079,-0.00204380974,0.1265381,0.814926565,146858237135
1080,-0.00466755964,0.138560444,0.805846632,146858237135
1081,0.00194919109,0.1372388,0.804491758,146858237135
1082,0.007206576,0.138810158,0.8049911,146858237135
1083,0.0157408156,0.139773175,0.8056198,146858237135
1084,0.0246055461,0.139099374,0.8051472,146858237135
1085,0.0308306031,0.1380084,0.8044584,146858237135
1086,0.0369508564,0.138855457,0.805934131,146858237135
1087,0.03468375,0.126135319,0.815578759,146858237135
1088,0.03667076,0.122691169,0.818171263,146858237135
1089,0.0376730748,0.12015561,0.8181309,146858237135
1090,0.0383093469,0.118359521,0.819275,146858237135
1091,0.0485177934,0.113274604,0.819000065,146858237135
1092,0.0457300842,0.113435663,0.8191367,146858237135
1093,0.0515188277,0.112904929,0.8191398,146858237135
1094,0.0592832938,0.11392425,0.821898758,146858237135
1095,0.0572528429,0.113497242,0.820908248,146858237135
1096,0.0410384,0.113939479,0.8201239,146858237135
1097,0.0433354378,0.113463506,0.819505751,146858237135
1098,0.03897829,0.115170188,0.8206373,146858237135
1099,0.0380614921,0.115739405,0.8208785,146858237135
1100,0.0546883345,0.113139845,0.8198893,146858237135
1101,0.0609591454,0.114835069,0.8228313,146858237135
1102,0.0624121875,0.115996324,0.823908031,146858237135
1103,0.06334476,0.11704278,0.8247831,146858237135
1104,-0.0124459006,0.111411408,0.8184595,146858237135
1105,-0.0152299814,0.111039765,0.818311334,146858237135
1106,-0.0181383379,0.110371083,0.818416834,146858237135
1107,-0.02387068,0.110514127,0.820047855,146858237135
1108,-0.0259140022,0.110783137,0.820949852,146858237135
1109,-0.0100031774,0.111581452,0.8188652,146858237135
1110,-0.007697627,0.112192579,0.8195187,146858237135
1111,-0.004804505,0.1142582,0.820296168,146858237135
1112,-0.00572038442,0.113572858,0.8200621,146858237135
1113,-0.0212990083,0.110384911,0.8191228,146858237135
1114,-0.02765854,0.111447014,0.821807444,146858237135
1115,-0.0292340815,0.112366915,0.8228419,146858237135
1116,-0.03024907,0.113299362,0.8236189,146858237135
1117,-0.03070093,0.114307009,0.823886156,146858237135
1118,0.06373234,0.117686421,0.825135648,146858237135
1119,0.005516515,0.07067806,0.800932169,146858237135
1120,0.03209462,0.07172554,0.8012849,146858237135
1121,-0.00392983668,0.04016018,0.8145924,146858237135
1122,-0.00374827534,0.03886198,0.8145832,146858237135
1123,-0.0008471105,0.0413284339,0.813246131,146858237135
1124,-2.16607e-05,0.03830836,0.812878668,146858237135
1125,0.00219992548,0.04195466,0.810991,146858237135
1126,0.002635371,0.0380872153,0.811081469,146858237135
1127,0.0142024383,0.0435922667,0.8051013,146858237135
1128,0.0144661954,0.037671946,0.805455148,146858237135
1129,0.0118874386,0.03766971,0.8065057,146858237135
1130,0.0116703641,0.0435140245,0.8061903,146858237135
1131,0.0172307584,0.0434730947,0.8043189,146858237135
1132,0.0176163334,0.037609946,0.8045668,146858237135
1133,0.019704815,0.0434607528,0.8040751,146858237135
1134,0.0200329237,0.037795458,0.80420357,146858237135
1135,0.005855822,0.037907362,0.8092916,146858237135
1136,0.005229879,0.04260521,0.8093184,146858237135
1137,0.008320469,0.04309435,0.807871461,146858237135
1138,0.008942725,0.0377578661,0.8080406,146858237135
1139,-0.004225865,0.0397338681,0.814208,146858237135
1140,0.0428318977,0.04052486,0.815141857,146858237135
1141,0.0394826271,0.0396318,0.8130485,146858237135
1142,0.039788764,0.0427779369,0.8136822,146858237135
1143,0.0429014675,0.0418053344,0.8151503,146858237135
1144,0.0367160663,0.0394663177,0.8114055,146858237135
1145,0.03700979,0.04320091,0.8115248,146858237135
1146,0.0251023434,0.0440342277,0.8050269,146858237135
1147,0.0277810954,0.04423517,0.806212068,146858237135
1148,0.0278873332,0.0387781635,0.8063785,146858237135
1149,0.0254658312,0.03853694,0.8052999,146858237135
1150,0.0224071778,0.0381220244,0.8044738,146858237135
1151,0.0221893843,0.0436531752,0.8042833,146858237135
1152,0.0335860737,0.03926868,0.8094239,146858237135
1153,0.03070393,0.0391054563,0.8080612,146858237135
1154,0.030731814,0.04402475,0.807924867,146858237135
1155,0.03349117,0.0436587,0.809353,146858237135
1156,0.043244943,0.0413306169,0.814772844,146858237135
1157,0.05406456,0.05917924,0.8123163,146858237135
1158,0.0497918651,0.065859735,0.810333133,146858237135
1159,0.0448243469,0.07220548,0.8100907,146858237135
1160,0.039894443,0.0778436959,0.8102009,146858237135
1161,0.0369422771,0.08256043,0.807159,146858237135
1162,0.0339014754,0.08669538,0.803750038,146858237135
1163,0.031076422,0.09023009,0.8003502,146858237135
1164,0.0283554588,0.09325743,0.7973239,146858237135
1165,0.0254814569,0.09546602,0.794752955,146858237135
1166,0.0220378283,0.0969733745,0.7928383,146858237135
1167,0.01774396,0.09769348,0.7920712,146858237135
1168,0.0135421678,0.09665379,0.7926803,146858237135
1169,0.0102146473,0.09485684,0.7945141,146858237135
1170,0.007519398,0.09241408,0.797009945,146858237135
1171,0.005055839,0.089194715,0.799936,146858237135
1172,0.00254145637,0.0855317861,0.8032255,146858237135
1173,-0.000243864954,0.081167765,0.806600749,146858237135
1174,-0.00291550346,0.0764294341,0.809603751,146858237135
1175,-0.00756602,0.07057853,0.8093438,146858237135
1176,-0.0121838748,0.0639216155,0.809448659,146858237135
1177,-0.0161245428,0.05683364,0.8114271,146858237135
1178,-0.0203546248,0.0426719263,0.818496346,146858237135
1179,-0.0203860514,0.036386665,0.8217009,146858237135
1180,-0.0192759261,0.0301426258,0.8241998,146858237135
1181,-0.0134981759,0.0201040786,0.8259637,146858237135
1182,-0.009495171,0.0152706094,0.825184047,146858237135
1183,-0.00509924069,0.009919494,0.8237845,146858237135
1184,0.0001474861,0.00468836352,0.8215843,146858237135
1185,0.00595163926,0.00191085041,0.819035649,146858237135
1186,0.0119277835,0.000814408064,0.8172422,146858237135
1187,0.01731218,0.0006333403,0.816306949,146858237135
1188,0.0223401356,0.000887349248,0.815855,146858237135
1189,0.0273177549,0.00119292364,0.816286266,146858237135
1190,0.032626465,0.0019043833,0.8173101,146858237135
1191,0.0383486524,0.00360140949,0.819226444,146858237135
1192,0.0436429232,0.0069250837,0.821918547,146858237135
1193,0.047976017,0.0124717448,0.824129462,146858237135
1194,0.051472567,0.017921,0.8254974,146858237135
1195,0.05478687,0.02295433,0.826376557,146858237135
1196,0.05924074,0.0334191322,0.8248597,146858237135
1197,0.05963419,0.03948136,0.822455049,146858237135
1198,0.05918092,0.04555602,0.8194027,146858237135
1199,0.06300268,0.06782481,0.815700769,146858237135
1200,0.054084748,0.0741049051,0.811530232,146858237135
1201,0.0471696854,0.0793975145,0.8108312,146858237135
1202,0.0414202735,0.0839888453,0.8106851,146858237135
1203,0.0371372774,0.0881156,0.809094131,146858237135
1204,0.03370904,0.0921988338,0.8064356,146858237135
1205,0.0306270272,0.095688954,0.80370605,146858237135
1206,0.0278435536,0.09866406,0.801054835,146858237135
1207,0.0251003653,0.101011857,0.798544466,146858237135
1208,0.0216838047,0.10251157,0.796516359,146858237135
1209,0.01746981,0.103089489,0.795756459,146858237135
1210,-0.0256719068,0.06463446,0.8152904,146858237135
1211,-0.0171536878,0.0717136562,0.8109075,146858237135
1212,-0.0105642453,0.07740521,0.810153544,146858237135
1213,-0.00509361,0.08230244,0.8101247,146858237135
1214,-0.0009628013,0.08676754,0.8085295,146858237135
1215,0.00217851624,0.09102735,0.805917561,146858237135
1216,0.00497395173,0.0947060138,0.8032897,146858237135
1217,0.007512983,0.09785021,0.8007272,146858237135
1218,0.010043174,0.100397617,0.7983054,146858237135
1219,0.0133093679,0.102185421,0.796377361,146858237135
1220,-0.02798345,0.05371528,0.820562661,146858237135
1221,-0.0286031812,0.04500743,0.825068533,146858237135
1222,-0.02807583,0.03703143,0.8287325,146858237135
1223,-0.0265370458,0.0296293162,0.8316125,146858237135
1224,-0.0195012987,0.0174523313,0.8338039,146858237135
1225,-0.014675457,0.0115819611,0.8330774,146858237135
1226,-0.009388704,0.006060209,0.8316158,146858237135
1227,-0.00320648775,0.0009315908,0.829402447,146858237135
1228,0.003392511,-0.00269119814,0.827247262,146858237135
1229,0.0102562495,-0.004833434,0.825741768,146858237135
1230,0.0167413168,-0.005453907,0.824761331,146858237135
1231,0.02246187,-0.00532194972,0.8245965,146858237135
1232,0.0281605683,-0.00491858646,0.824846268,146858237135
1233,0.0345319174,-0.00369407237,0.825925,146858237135
1234,0.041123867,-0.0008819215,0.8275742,146858237135
1235,0.04725825,0.00334791839,0.829912961,146858237135
1236,0.0527179837,0.0091063045,0.8322044,146858237135
1237,0.0571468137,0.0149391852,0.833733141,146858237135
1238,0.0611337051,0.0210557561,0.834479034,146858237135
1239,0.06657806,0.0335194543,0.8323591,146858237135
1240,0.06736437,0.04096133,0.829589546,146858237135
1241,0.0669151545,0.0488180257,0.8260243,146858237135
1242,0.06600319,0.05718632,0.820953131,146858237135
1243,0.07641898,0.07831519,0.8286586,146858237135
1244,0.08219118,0.0812931061,0.837373734,146858237135
1245,0.09226318,0.08294682,0.886374533,146858237135
1246,0.0920712948,0.083910495,0.8748288,146858237135
1247,0.08766383,0.0858491659,0.848621964,146858237135
1248,0.09075138,0.0846793354,0.8626396,146858237135
1249,0.0701504648,0.07654298,0.8212908,146858237135
1250,-0.0463594943,0.07583827,0.836391866,146858237135
1251,-0.0402462259,0.0734741539,0.8278857,146858237135
1252,-0.0554554537,0.07864026,0.8611131,146858237135
1253,-0.0522554219,0.0800005943,0.847324,146858237135
1254,-0.0568928421,0.07771801,0.873169,146858237135
1255,-0.05723472,0.07662468,0.884706,146858237135
1256,-0.0336751454,0.07235626,0.820718,146858237135
1257,0.0624964759,0.07720177,0.8156183,146858237135
1258,-0.025998991,0.07377137,0.815040052,146858237135
1259,0.04721648,0.0840613,0.81169796,146858237135
1260,0.0415102132,0.08772873,0.8111493,146858237135
1261,0.0543393865,0.08037767,0.8126483,146858237135
1262,0.03366106,0.0951719,0.8075717,146858237135
1263,0.03710816,0.0915966257,0.8096774,146858237135
1264,0.03058928,0.09824796,0.8052306,146858237135
1265,0.0276763551,0.10156101,0.8029714,146858237135
1266,0.0248845965,0.104039133,0.800700247,146858237135
1267,0.0214068536,0.105698287,0.798712254,146858237135
1268,0.0173205342,0.1059584,0.7978779,146858237135
1269,-0.005569048,0.08590147,0.810599744,146858237135
1270,-0.0110884942,0.08185889,0.811095834,146858237135
1271,-0.00137213618,0.09009682,0.8091688,146858237135
1272,-0.0180009082,0.0776846558,0.8120349,146858237135
1273,0.00736848637,0.100753173,0.802654266,146858237135
1274,0.00472076144,0.09722916,0.804818451,146858237135
1275,0.009919882,0.103433408,0.8004756,146858237135
1276,0.0132722389,0.105372712,0.7985734,146858237135
1277,0.00185588,0.09399238,0.80707866,146858237135
1278,-0.0408825427,0.06634604,0.83110255,146858237135
1279,-0.0464210063,0.06791924,0.8403101,146858237135
1280,-0.0347907878,0.0649547353,0.822779536,146858237135
1281,-0.0154382773,0.04828566,0.8130557,146858237135
1282,-0.01888559,0.0495142043,0.8145368,146858237135
1283,-0.022971686,0.0514282919,0.816899061,146858237135
1284,0.08321708,0.07341075,0.8410854,146858237135
1285,0.07778403,0.07128215,0.8316234,146858237135
1286,0.0871283561,0.0753653049,0.8515335,146858237135
1287,0.07182681,0.06918687,0.8232989,146858237135
1288,0.0511130951,0.0487239137,0.813201964,146858237135
1289,0.0538742244,0.0505760759,0.8141632,146858237135
1290,0.05746057,0.0521425121,0.8152697,146858237135
1291,0.06126789,0.05442069,0.817336559,146858237135
1292,0.09146414,0.07632675,0.885606349,146858237135
1293,0.09134194,0.0764341354,0.874288142,146858237135
1294,0.08998664,0.0762852,0.862956941,146858237135
1295,-0.0508032739,0.06965821,0.8503833,146858237135
1296,-0.05402738,0.07033928,0.8614362,146858237135
1297,-0.0554912165,0.07035227,0.8725855,146858237135
1298,-0.0558383837,0.07010872,0.8839156,146858237135
1299,-0.012616381,0.0469314829,0.812004864,146858237135
1300,0.0469889343,0.0454245172,0.811238647,146858237135
1301,0.0489216745,0.0470404848,0.8120344,146858237135
1302,0.043655403,0.043362163,0.811251163,146858237135
1303,0.0451398268,0.04434723,0.8110887,146858237135
1304,-0.006079845,0.0429209955,0.8105209,146858237135
1305,-0.004586993,0.04191145,0.81074,146858237135
1306,-0.007917363,0.0440002158,0.8105643,146858237135
1307,-0.0100844279,0.04541597,0.811043143,146858237135
1308,-0.0400003344,0.0270847827,0.87401396,146858237135
1309,-0.0381908752,0.0255808588,0.8636246,146858237135
1310,-0.03557299,0.0238058176,0.8543236,146858237135
1311,-0.03243636,0.022886714,0.8465554,146858237135
1312,-0.0281521827,0.0228515361,0.8396216,146858237135
1313,-0.0237291791,0.0232223272,0.833420455,146858237135
1314,-0.0202183872,0.0238877237,0.829100847,146858237135
1315,-0.016854126,0.02487971,0.825671554,146858237135
1316,-0.0137250312,0.0264598485,0.8228518,146858237135
1317,-0.0110747069,0.028406404,0.821043134,146858237135
1318,-0.009211592,0.0304517,0.8188655,146858237135
1319,-0.007327646,0.0330251977,0.816532135,146858237135
1320,-0.005363442,0.0354219377,0.8145854,146858237135
1321,-0.004024297,0.0370266959,0.813473344,146858237135
1322,-0.0027204603,0.0388169028,0.812818,146858237135
1323,-0.002295358,0.03969054,0.8131292,146858237135
1324,-0.00213758275,0.03863441,0.814194739,146858237135
1325,-0.002768062,0.040731933,0.814315438,146858237135
1326,-0.002894681,0.0405725539,0.8123054,146858237135
1327,-0.003617948,0.0410627425,0.8113609,146858237135
1328,0.07964985,0.0323392935,0.875350833,146858237135
1329,0.07827902,0.0306902453,0.864708066,146858237135
1330,0.07609008,0.0288122017,0.8552389,146858237135
1331,0.07310434,0.0276169032,0.847376943,146858237135
1332,0.06896902,0.0271043684,0.8402678,146858237135
1333,0.0644928738,0.0270207059,0.834073961,146858237135
1334,0.0610610358,0.027231399,0.8296553,146858237135
1335,0.0574906021,0.0280272476,0.8262086,146858237135
1336,0.0540847071,0.0293590017,0.8233787,146858237135
1337,0.0513791926,0.0310187228,0.8212979,146858237135
1338,0.04930805,0.03290132,0.8190124,146858237135
1339,0.0471637323,0.03524552,0.8167683,146858237135
1340,0.04495801,0.03749273,0.8148694,146858237135
1341,0.04324464,0.0390196741,0.813949764,146858237135
1342,0.0419844836,0.04054572,0.8132312,146858237135
1343,0.0414209664,0.0413377434,0.8135662,146858237135
1344,0.0415032133,0.040135365,0.8145775,146858237135
1345,0.0417036451,0.04227565,0.8148258,146858237135
1346,0.041895777,0.0420715436,0.81277597,146858237135
1347,0.042623993,0.04253099,0.8118558,146858237135
